"File No","File Name","File Size","File Type","Date"
"0001","082501","6542","2","2021/10/11 23:03"
"0002","T654","6542","2","2021/10/11 23:03"
"0003","1234567890","6542","2","2021/10/11 23:04"
"0004","RT421","6542","2","2021/10/11 23:04"
"0005","2021091401","6542","2","2021/10/11 23:05"
"0006","082502","6542","2","2021/10/11 23:06"
"0007","091402","6542","2","2021/10/11 23:07"
"0008","082503","6542","2","2021/10/11 23:07"
"0009","091403","6542","2","2021/10/11 23:08"
"0010","091405","6542","2","2021/10/11 23:08"
"0011","091406","6542","2","2021/10/11 23:09"
"0012","091407","6542","2","2021/10/11 23:09"
"0013","091408","6542","2","2021/10/11 23:09"
"0014","091411","6542","2","2021/10/11 23:10"
"0015","092401","6542","2","2021/10/11 23:10"
"0016","092403","6542","2","2021/10/11 23:11"
"0017","092701","6542","2","2021/10/11 23:11"
"0018","092702","6542","2","2021/10/11 23:11"
"0019","092703","6542","2","2021/10/11 23:12"
"0020","092704","6542","2","2021/10/11 23:12"
"0021","100501","6542","2","2021/10/11 23:12"
"0022","100502","6542","2","2021/10/11 23:13"
"0023","100901","6542","2","2021/10/11 23:13"
"0024","100902","6542","2","2021/10/11 23:13"
"0025","100903","6542","2","2021/10/11 23:14"
"0026","100904","6542","2","2021/10/11 23:14"
"0027","100905","6542","2","2021/10/11 23:16"
"0028","100906","6542","2","2021/10/11 23:17"
"0029","100907","6542","2","2021/10/12 00:05"
"0030","100908","6542","2","2021/10/14 13:23"
